id,method,label,ref_pdb,pred_pdb,rmsd_fv_noh3_ctx,rmsd_fv_all_ctx,rmsd_h3_ctx,rmsd_h3_local,pred_conf_h3_bfac_mean,pred_conf_fv_bfac_mean,h3_seq,n_h3_atoms,n_chains_used,n_fit_atoms,chain_map,chain_identities,error
7QT0,AlphaFold3,af3_best_model_0,/Users/tinaganjipour/Documents/UMCU/2. The project/ab-difficulty/rmsd/rcsb_pdb/7QT0.pdb,af3_output_pdb/7qt0/fold_7qt0_model_0.pdb,0.886718,2.304605,9.703837,2.348745,84.918182,96.176454,EIYDGYNTMDY,44,2,864,A->A;B->B,"A->A:ident=1.000,aln=120,refcov=1.00,predcov=1.00;B->B:ident=1.000,aln=107,refcov=1.00,predcov=1.00",
7QT3,AlphaFold3,af3_best_model_0,/Users/tinaganjipour/Documents/UMCU/2. The project/ab-difficulty/rmsd/rcsb_pdb/7QT3.pdb,af3_output_pdb/7qt3/fold_7qt3_model_0.pdb,0.627528,1.463361,6.038097,4.001263,67.862500,94.579936,EDYYGSSYEDY,44,2,864,A->A;B->B,"A->A:ident=1.000,aln=120,refcov=1.00,predcov=1.00;B->B:ident=1.000,aln=107,refcov=1.00,predcov=1.00",
7SJS,AlphaFold3,af3_best_model_0,/Users/tinaganjipour/Documents/UMCU/2. The project/ab-difficulty/rmsd/rcsb_pdb/7SJS.pdb,af3_output_pdb/7sjs/fold_7sjs_model_0.pdb,1.988214,2.062340,3.881019,1.828489,59.257500,89.300855,TMAPVV,24,2,864,H->A;L->B,"H->A:ident=1.000,aln=114,refcov=1.00,predcov=1.00;L->B:ident=1.000,aln=108,refcov=1.00,predcov=1.00",
7SL5,AlphaFold3,af3_best_model_0,/Users/tinaganjipour/Documents/UMCU/2. The project/ab-difficulty/rmsd/rcsb_pdb/7SL5.pdb,af3_output_pdb/7sl5/fold_7sl5_model_0.pdb,0.931789,3.236063,10.033195,3.345610,65.768152,92.223549,GLDVLRFLDLSTPSGERLDAFDI,92,2,864,A->A;B->B,"A->A:ident=1.000,aln=131,refcov=1.00,predcov=0.99;B->B:ident=1.000,aln=108,refcov=1.00,predcov=1.00",
7SUE,AlphaFold3,af3_best_model_0,/Users/tinaganjipour/Documents/UMCU/2. The project/ab-difficulty/rmsd/rcsb_pdb/7SUE.pdb,af3_output_pdb/7sue/fold_7sue_model_0.pdb,0.813473,3.690873,12.445694,6.679013,61.860125,92.407557,GWEFGSGSYYRDYYYYAMDV,80,2,872,A->B;B->A,"A->B:ident=1.000,aln=109,refcov=1.00,predcov=0.99;B->A:ident=0.969,aln=129,refcov=1.00,predcov=0.99",
7T7B,AlphaFold3,af3_best_model_0,/Users/tinaganjipour/Documents/UMCU/2. The project/ab-difficulty/rmsd/rcsb_pdb/7T7B.pdb,af3_output_pdb/7t7b/fold_7t7b_model_0.pdb,0.615023,1.821687,5.909880,3.304038,65.423375,93.177394,AARPYYDRRGYFFRADYFQH,80,2,860,H->A;L->B,"H->A:ident=1.000,aln=129,refcov=1.00,predcov=1.00;L->B:ident=1.000,aln=106,refcov=1.00,predcov=1.00",
7TOW,AlphaFold3,af3_best_model_0,/Users/tinaganjipour/Documents/UMCU/2. The project/ab-difficulty/rmsd/rcsb_pdb/7TOW.pdb,af3_output_pdb/7tow/fold_7tow_model_0.pdb,0.414447,2.389236,7.612217,6.060361,66.302391,91.434292,ENRDRNYDSWSASYSDYYYGMDV,92,2,868,A->A;B->B,"A->A:ident=1.000,aln=132,refcov=1.00,predcov=1.00;B->B:ident=1.000,aln=108,refcov=1.00,predcov=1.00",
7TP3,AlphaFold3,af3_best_model_0,/Users/tinaganjipour/Documents/UMCU/2. The project/ab-difficulty/rmsd/rcsb_pdb/7TP3.pdb,af3_output_pdb/7tp3/fold_7tp3_model_0.pdb,0.460042,1.387005,4.624733,3.122730,71.539474,94.453635,PQSVTVFGVAATSYEAFDF,76,2,864,H->A;L->B,"H->A:ident=1.000,aln=128,refcov=1.00,predcov=1.00;L->B:ident=1.000,aln=107,refcov=1.00,predcov=1.00",
7TTM,AlphaFold3,af3_best_model_0,/Users/tinaganjipour/Documents/UMCU/2. The project/ab-difficulty/rmsd/rcsb_pdb/7TTM.pdb,af3_output_pdb/7ttm/fold_7ttm_model_0.pdb,0.740228,1.516170,4.643055,1.556689,86.548000,95.815814,TFPSYYDRSGYHYLNYGMDV,80,2,880,H->A;L->B,"H->A:ident=1.000,aln=130,refcov=1.00,predcov=1.00;L->B:ident=1.000,aln=110,refcov=1.00,predcov=1.00",
7U0E,AlphaFold3,af3_best_model_0,/Users/tinaganjipour/Documents/UMCU/2. The project/ab-difficulty/rmsd/rcsb_pdb/7U0E.pdb,af3_output_pdb/7u0e/fold_7u0e_model_0.pdb,0.696182,3.606730,13.091910,4.702619,60.459118,93.295757,VGKDDDVLTGGNKYFDH,68,2,860,A->A;B->B,"A->A:ident=1.000,aln=126,refcov=1.00,predcov=1.00;B->B:ident=1.000,aln=106,refcov=1.00,predcov=0.99",
7UM3,AlphaFold3,af3_best_model_0,/Users/tinaganjipour/Documents/UMCU/2. The project/ab-difficulty/rmsd/rcsb_pdb/7UM3.pdb,af3_output_pdb/7um3/fold_7um3_model_0.pdb,,,,,,,,,1,0,,,incomplete chain map (need both VH and VL). got: {'H': 'A'}
7UM3,AlphaFold3,af3_best_model_0,/Users/tinaganjipour/Documents/UMCU/2. The project/ab-difficulty/rmsd/rcsb_pdb/7UM3.pdb,af3_output_pdb/7um3/fold_7um3_model_0.pdb,,,,,,,,,1,0,,,incomplete chain map (need both VH and VL). got: {'I': 'A'}
7UM3_2,AlphaFold3,af3_best_model_0,/Users/tinaganjipour/Documents/UMCU/2. The project/ab-difficulty/rmsd/rcsb_pdb/7UM3.pdb,af3_output_pdb/7um3_2/fold_7um3_model_0.pdb,1.451262,2.161402,7.070746,2.683652,69.256667,93.374686,GYSDYEYNWFDP,48,2,848,H->A;L->B,"H->A:ident=0.983,aln=117,refcov=1.00,predcov=0.97;L->B:ident=1.000,aln=107,refcov=1.00,predcov=1.00",
7UM3_2,AlphaFold3,af3_best_model_0,/Users/tinaganjipour/Documents/UMCU/2. The project/ab-difficulty/rmsd/rcsb_pdb/7UM3.pdb,af3_output_pdb/7um3_2/fold_7um3_model_0.pdb,1.436885,2.151820,7.083174,2.746483,69.256667,93.315008,GYSDYEYNWFDP,48,2,852,I->A;M->B,"I->A:ident=0.983,aln=118,refcov=1.00,predcov=0.98;M->B:ident=1.000,aln=107,refcov=1.00,predcov=1.00",
7UXL,AlphaFold3,af3_best_model_0,/Users/tinaganjipour/Documents/UMCU/2. The project/ab-difficulty/rmsd/rcsb_pdb/7UXL.pdb,af3_output_pdb/7uxl/fold_7uxl_model_0.pdb,,,,,,,,,1,0,,,incomplete chain map (need both VH and VL). got: {'F': 'A'}
7X8P,AlphaFold3,af3_best_model_0,/Users/tinaganjipour/Documents/UMCU/2. The project/ab-difficulty/rmsd/rcsb_pdb/7X8P.pdb,af3_output_pdb/7x8p/fold_7x8p_model_0.pdb,1.059009,2.207995,7.235265,3.124577,69.459559,91.152303,SGGWALGGLITLRWIDA,68,2,860,B->B;C->A,"B->B:ident=1.000,aln=106,refcov=1.00,predcov=1.00;C->A:ident=1.000,aln=126,refcov=1.00,predcov=1.00",
7X8T,AlphaFold3,af3_best_model_0,/Users/tinaganjipour/Documents/UMCU/2. The project/ab-difficulty/rmsd/rcsb_pdb/7X8T.pdb,af3_output_pdb/7x8t/fold_7x8t_model_0.pdb,0.793601,0.782039,0.617410,0.531939,91.044706,95.164247,SGYGGSWGGYIADDIDA,68,2,860,B->B;C->A,"B->B:ident=1.000,aln=106,refcov=1.00,predcov=1.00;C->A:ident=1.000,aln=126,refcov=1.00,predcov=1.00",
7YZJ,AlphaFold3,af3_best_model_0,/Users/tinaganjipour/Documents/UMCU/2. The project/ab-difficulty/rmsd/rcsb_pdb/7YZJ.pdb,af3_output_pdb/7yzj/fold_7yzj_model_0.pdb,0.558902,0.906032,3.648002,2.432734,73.218611,95.456648,YDDYTWFTY,36,2,884,H->A;L->B,"H->A:ident=1.000,aln=118,refcov=1.00,predcov=1.00;L->B:ident=1.000,aln=112,refcov=1.00,predcov=1.00",
8BYU,AlphaFold3,af3_best_model_0,/Users/tinaganjipour/Documents/UMCU/2. The project/ab-difficulty/rmsd/rcsb_pdb/8BYU.pdb,af3_output_pdb/8byu/fold_8byu_model_0.pdb,0.865983,0.885461,1.182409,0.232936,92.341042,95.856911,EPGERDPDAVDI,48,2,864,H->A;L->B,"H->A:ident=1.000,aln=121,refcov=1.00,predcov=1.00;L->B:ident=1.000,aln=107,refcov=1.00,predcov=1.00",
8D36,AlphaFold3,af3_best_model_0,/Users/tinaganjipour/Documents/UMCU/2. The project/ab-difficulty/rmsd/rcsb_pdb/8D36.pdb,af3_output_pdb/8d36/fold_8d36_model_0.pdb,0.936931,1.264820,3.484241,2.653903,69.184167,93.140575,LLIVGGFDPLDDFEV,60,2,876,H->A;L->B,"H->A:ident=1.000,aln=124,refcov=1.00,predcov=1.00;L->B:ident=1.000,aln=110,refcov=1.00,predcov=1.00",
8DAO,AlphaFold3,af3_best_model_0,/Users/tinaganjipour/Documents/UMCU/2. The project/ab-difficulty/rmsd/rcsb_pdb/8DAO.pdb,af3_output_pdb/8dao/fold_8dao_model_0.pdb,1.028340,3.339697,11.858380,2.960875,64.270441,92.236574,LIIPGITEPGSPDALDI,68,2,872,C->A;D->B,"C->A:ident=1.000,aln=126,refcov=1.00,predcov=1.00;D->B:ident=1.000,aln=109,refcov=1.00,predcov=1.00",
8FA7,AlphaFold3,af3_best_model_0,/Users/tinaganjipour/Documents/UMCU/2. The project/ab-difficulty/rmsd/rcsb_pdb/8FA7.pdb,af3_output_pdb/8fa7/fold_8fa7_model_0.pdb,0.534822,2.818892,9.502231,3.488816,62.875125,93.524371,ARKGQRSDYYGSETSYTFDN,80,2,860,H->A;L->B,"H->A:ident=1.000,aln=129,refcov=1.00,predcov=1.00;L->B:ident=1.000,aln=106,refcov=1.00,predcov=1.00",
8G19,AlphaFold3,af3_best_model_0,/Users/tinaganjipour/Documents/UMCU/2. The project/ab-difficulty/rmsd/rcsb_pdb/8G19.pdb,af3_output_pdb/8g19/fold_8g19_model_0.pdb,0.912379,1.117374,2.546835,0.946400,78.128529,93.094764,GVSALVSVDYYYYYMDV,68,2,856,H->A;L->B,"H->A:ident=1.000,aln=125,refcov=1.00,predcov=1.00;L->B:ident=1.000,aln=106,refcov=1.00,predcov=1.00",
8G8D,AlphaFold3,af3_best_model_0,/Users/tinaganjipour/Documents/UMCU/2. The project/ab-difficulty/rmsd/rcsb_pdb/8G8D.pdb,af3_output_pdb/8g8d/fold_8g8d_model_0.pdb,0.670277,0.867681,2.100694,0.951795,73.027500,92.747354,FRVAPAAQRGYFYYYMDV,72,2,868,A->A;B->B,"A->A:ident=1.000,aln=127,refcov=1.00,predcov=1.00;B->B:ident=1.000,aln=108,refcov=1.00,predcov=0.99",
8HRD,AlphaFold3,af3_best_model_0,/Users/tinaganjipour/Documents/UMCU/2. The project/ab-difficulty/rmsd/rcsb_pdb/8HRD.pdb,af3_output_pdb/8hrd/fold_8hrd_model_0.pdb,,,,,,,,,0,0,,,no reliable chain map in numbering space (thresholds too strict or ANARCI failed)
8HRD,AlphaFold3,af3_best_model_0,/Users/tinaganjipour/Documents/UMCU/2. The project/ab-difficulty/rmsd/rcsb_pdb/8HRD.pdb,af3_output_pdb/8hrd/fold_8hrd_model_0.pdb,0.697309,1.366124,4.301584,0.899998,92.038056,96.123627,RTFYYDRSGQKVVEPFDY,72,2,868,D->A;F->B,"D->A:ident=1.000,aln=128,refcov=1.00,predcov=1.00;F->B:ident=1.000,aln=107,refcov=1.00,predcov=1.00",
8HRD,AlphaFold3,af3_best_model_0,/Users/tinaganjipour/Documents/UMCU/2. The project/ab-difficulty/rmsd/rcsb_pdb/8HRD.pdb,af3_output_pdb/8hrd/fold_8hrd_model_0.pdb,0.782685,1.439524,4.434963,0.794482,92.038056,96.123627,RTFYYDRSGQKVVEPFDY,72,2,868,Y->A;Z->B,"Y->A:ident=1.000,aln=128,refcov=1.00,predcov=1.00;Z->B:ident=1.000,aln=107,refcov=1.00,predcov=1.00",
8P6H,AlphaFold3,af3_best_model_0,/Users/tinaganjipour/Documents/UMCU/2. The project/ab-difficulty/rmsd/rcsb_pdb/8P6H.pdb,af3_output_pdb/8p6h/fold_8p6h_model_0.pdb,0.992802,1.254564,3.175580,2.720827,85.549167,94.799645,VHQETIHSYEFHVDA,60,2,868,H->A;L->B,"H->A:ident=1.000,aln=122,refcov=1.00,predcov=1.00;L->B:ident=1.000,aln=110,refcov=1.00,predcov=1.00",
8QYA,AlphaFold3,af3_best_model_0,/Users/tinaganjipour/Documents/UMCU/2. The project/ab-difficulty/rmsd/rcsb_pdb/8QYA.pdb,af3_output_pdb/8qya/fold_8qya_model_0.pdb,1.057683,1.856519,7.011385,2.534521,66.444091,94.204858,LYYDYGDAYDY,44,2,864,H->A;L->B,"H->A:ident=1.000,aln=120,refcov=1.00,predcov=1.00;L->B:ident=1.000,aln=107,refcov=1.00,predcov=1.00",
8SIT,AlphaFold3,af3_best_model_0,/Users/tinaganjipour/Documents/UMCU/2. The project/ab-difficulty/rmsd/rcsb_pdb/8SIT.pdb,af3_output_pdb/8sit/fold_8sit_model_0.pdb,,,,,,,,,1,0,,,incomplete chain map (need both VH and VL). got: {'M': 'A'}
8SIT,AlphaFold3,af3_best_model_0,/Users/tinaganjipour/Documents/UMCU/2. The project/ab-difficulty/rmsd/rcsb_pdb/8SIT.pdb,af3_output_pdb/8sit/fold_8sit_model_0.pdb,,,,,,,,,1,0,,,incomplete chain map (need both VH and VL). got: {'Q': 'A'}
8SIT_2,AlphaFold3,af3_best_model_0,/Users/tinaganjipour/Documents/UMCU/2. The project/ab-difficulty/rmsd/rcsb_pdb/8SIT.pdb,af3_output_pdb/8sit_2/fold_8sit_model_0.pdb,0.944952,1.213175,2.837694,1.732381,77.750658,94.481371,AGRDYYDRSGYQRFPGFDY,76,2,864,M->A;N->B,"M->A:ident=1.000,aln=128,refcov=1.00,predcov=1.00;N->B:ident=1.000,aln=107,refcov=1.00,predcov=0.99",
8SIT_2,AlphaFold3,af3_best_model_0,/Users/tinaganjipour/Documents/UMCU/2. The project/ab-difficulty/rmsd/rcsb_pdb/8SIT.pdb,af3_output_pdb/8sit_2/fold_8sit_model_0.pdb,1.292911,1.500839,2.955355,1.961497,77.750658,94.543240,AGRDYYDRSGYQRFPGFDY,76,2,848,Q->A;S->B,"Q->A:ident=0.984,aln=124,refcov=1.00,predcov=0.97;S->B:ident=1.000,aln=107,refcov=1.00,predcov=0.99",
8T58,AlphaFold3,af3_best_model_0,/Users/tinaganjipour/Documents/UMCU/2. The project/ab-difficulty/rmsd/rcsb_pdb/8T58.pdb,af3_output_pdb/8t58/fold_8t58_model_0.pdb,1.936762,3.395939,9.896787,5.248327,71.361842,92.767464,GYQYWQYHASWYWNGGLDY,76,2,844,B->B;C->A,"B->B:ident=0.971,aln=102,refcov=1.00,predcov=0.95;C->A:ident=1.000,aln=128,refcov=1.00,predcov=1.00",
8T58_2,AlphaFold3,af3_best_model_0,/Users/tinaganjipour/Documents/UMCU/2. The project/ab-difficulty/rmsd/rcsb_pdb/8T58.pdb,af3_output_pdb/8t58_2/fold_8t58_model_0.pdb,1.901794,3.520486,10.481637,5.442929,72.920921,94.038192,GYQYWQYHASWYWNGGLDY,76,2,844,B->B;C->A,"B->B:ident=0.971,aln=102,refcov=1.00,predcov=0.95;C->A:ident=1.000,aln=128,refcov=1.00,predcov=1.00",
8T7G,AlphaFold3,af3_best_model_0,/Users/tinaganjipour/Documents/UMCU/2. The project/ab-difficulty/rmsd/rcsb_pdb/8T7G.pdb,af3_output_pdb/8t7g/fold_8t7g_model_0.pdb,0.964582,2.107626,9.962787,7.360689,71.655000,93.733563,SAAPGMDY,32,2,864,A->A;B->B,"A->A:ident=0.974,aln=117,refcov=1.00,predcov=0.91;B->B:ident=0.981,aln=107,refcov=1.00,predcov=0.98",
8T9Y,AlphaFold3,af3_best_model_0,/Users/tinaganjipour/Documents/UMCU/2. The project/ab-difficulty/rmsd/rcsb_pdb/8T9Y.pdb,af3_output_pdb/8t9y/fold_8t9y_model_0.pdb,1.283230,2.072424,5.745231,4.395714,75.937763,92.160752,GYQYWQYHASWYWNGGLDY,76,2,824,H->A;L->B,"H->A:ident=1.000,aln=128,refcov=1.00,predcov=1.00;L->B:ident=1.000,aln=97,refcov=1.00,predcov=1.00",
8TDX,AlphaFold3,af3_best_model_0,/Users/tinaganjipour/Documents/UMCU/2. The project/ab-difficulty/rmsd/rcsb_pdb/8TDX.pdb,af3_output_pdb/8tdx/fold_8tdx_model_0.pdb,0.883817,1.959958,6.862485,2.627197,73.510333,94.679484,VSRYVDHWTNRRFDV,60,2,848,A->A;D->B,"A->A:ident=0.983,aln=120,refcov=1.00,predcov=0.97;D->B:ident=1.000,aln=107,refcov=1.00,predcov=1.00",
8TV1,AlphaFold3,af3_best_model_0,/Users/tinaganjipour/Documents/UMCU/2. The project/ab-difficulty/rmsd/rcsb_pdb/8TV1.pdb,af3_output_pdb/8tv1/fold_8tv1_model_0.pdb,0.782536,2.616976,8.577640,5.577595,65.515000,92.547638,SHYSVWWGWHSVSYYAAFDY,80,2,856,D->A;E->B,"D->A:ident=1.000,aln=129,refcov=1.00,predcov=1.00;E->B:ident=1.000,aln=105,refcov=1.00,predcov=1.00",
8VDL,AlphaFold3,af3_best_model_0,/Users/tinaganjipour/Documents/UMCU/2. The project/ab-difficulty/rmsd/rcsb_pdb/8VDL.pdb,af3_output_pdb/8vdl/fold_8vdl_model_0.pdb,0.637306,0.724684,1.341102,1.181472,87.143625,95.806078,GGGNCPSDTCYPSGYFGLDV,80,2,856,H->A;L->B,"H->A:ident=1.000,aln=129,refcov=1.00,predcov=1.00;L->B:ident=1.000,aln=105,refcov=1.00,predcov=0.99",
8YXI,AlphaFold3,af3_best_model_0,/Users/tinaganjipour/Documents/UMCU/2. The project/ab-difficulty/rmsd/rcsb_pdb/8YXI.pdb,af3_output_pdb/8yxi/fold_8yxi_model_0.pdb,1.025482,1.998095,7.270104,3.160068,73.756731,95.378100,SGYDYDGRAYFDY,52,2,864,B->B;C->A,"B->B:ident=1.000,aln=107,refcov=1.00,predcov=1.00;C->A:ident=1.000,aln=122,refcov=1.00,predcov=1.00",
9AXQ,AlphaFold3,af3_best_model_0,/Users/tinaganjipour/Documents/UMCU/2. The project/ab-difficulty/rmsd/rcsb_pdb/9AXQ.pdb,af3_output_pdb/9axq/fold_9axq_model_0.pdb,0.651365,2.126492,9.198545,2.773309,73.106818,95.645183,ELVKDYYAMDY,44,2,860,A->A;B->B,"A->A:ident=1.000,aln=119,refcov=1.00,predcov=1.00;B->B:ident=1.000,aln=107,refcov=1.00,predcov=1.00",
9BDI,AlphaFold3,af3_best_model_0,/Users/tinaganjipour/Documents/UMCU/2. The project/ab-difficulty/rmsd/rcsb_pdb/9BDI.pdb,af3_output_pdb/9bdi/fold_9bdi_model_0.pdb,0.554973,1.112175,3.370812,0.862255,84.774750,95.818395,SAEFYDFWSGYYTGLEYFQH,80,2,872,C->A;D->B,"C->A:ident=1.000,aln=131,refcov=1.00,predcov=1.00;D->B:ident=1.000,aln=107,refcov=1.00,predcov=1.00",
9BJG,AlphaFold3,af3_best_model_0,/Users/tinaganjipour/Documents/UMCU/2. The project/ab-difficulty/rmsd/rcsb_pdb/9BJG.pdb,af3_output_pdb/9bjg/fold_9bjg_model_0.pdb,0.545911,0.638777,1.263419,0.977803,90.494750,97.056092,DRFRGGYNYPSDIYSHAPDH,80,2,864,H->A;L->B,"H->A:ident=1.000,aln=129,refcov=1.00,predcov=1.00;L->B:ident=1.000,aln=107,refcov=1.00,predcov=1.00",
9DX6,AlphaFold3,af3_best_model_0,/Users/tinaganjipour/Documents/UMCU/2. The project/ab-difficulty/rmsd/rcsb_pdb/9DX6.pdb,af3_output_pdb/9dx6/fold_9dx6_model_0.pdb,0.704344,2.586017,8.441254,2.669145,82.480952,95.113796,SRGEGYCSFGTCYTLFYYFDY,84,2,876,B->A;C->B,"B->A:ident=1.000,aln=131,refcov=1.00,predcov=1.00;C->B:ident=1.000,aln=109,refcov=1.00,predcov=1.00",
9ECX,AlphaFold3,af3_best_model_0,/Users/tinaganjipour/Documents/UMCU/2. The project/ab-difficulty/rmsd/rcsb_pdb/9ECX.pdb,af3_output_pdb/9ecx/fold_9ecx_model_0.pdb,1.469059,4.656193,15.771866,6.469764,62.914868,93.087878,AGAITGTPRNFYYYYGMDV,76,2,884,C->A;D->B,"C->A:ident=1.000,aln=128,refcov=1.00,predcov=1.00;D->B:ident=1.000,aln=112,refcov=1.00,predcov=1.00",
9FIK,AlphaFold3,af3_best_model_0,/Users/tinaganjipour/Documents/UMCU/2. The project/ab-difficulty/rmsd/rcsb_pdb/9FIK.pdb,af3_output_pdb/9fik/fold_9fik_model_0.pdb,0.839266,2.936957,9.551654,4.869994,65.681786,93.134984,SGGLLYGSPSFGDYYGYWMDY,84,2,876,B->A;C->B,"B->A:ident=1.000,aln=132,refcov=1.00,predcov=1.00;C->B:ident=1.000,aln=108,refcov=1.00,predcov=1.00",
9GP2,AlphaFold3,af3_best_model_0,/Users/tinaganjipour/Documents/UMCU/2. The project/ab-difficulty/rmsd/rcsb_pdb/9GP2.pdb,af3_output_pdb/9gp2/fold_9gp2_model_0.pdb,0.887079,0.958524,1.872975,1.344418,82.473409,96.193118,LYYDYGDAMDY,44,2,864,H->A;L->B,"H->A:ident=1.000,aln=120,refcov=1.00,predcov=1.00;L->B:ident=1.000,aln=107,refcov=1.00,predcov=1.00",
9JD1,AlphaFold3,af3_best_model_0,/Users/tinaganjipour/Documents/UMCU/2. The project/ab-difficulty/rmsd/rcsb_pdb/9JD1.pdb,af3_output_pdb/9jd1/fold_9jd1_model_0.pdb,0.593755,1.544083,4.962937,2.863505,65.257125,93.794226,EGYDFWSGRERRYYYYGMDV,80,2,876,A->B;B->A,"A->B:ident=1.000,aln=110,refcov=1.00,predcov=1.00;B->A:ident=1.000,aln=129,refcov=1.00,predcov=1.00",
9JPV,AlphaFold3,af3_best_model_0,/Users/tinaganjipour/Documents/UMCU/2. The project/ab-difficulty/rmsd/rcsb_pdb/9JPV.pdb,af3_output_pdb/9jpv/fold_9jpv_model_0.pdb,1.430276,2.391418,8.804150,3.684371,75.302273,95.581415,GGEYNWDYFEY,44,2,860,A->A;B->B,"A->A:ident=1.000,aln=115,refcov=1.00,predcov=0.97;B->B:ident=1.000,aln=111,refcov=1.00,predcov=1.00",
9ML8,AlphaFold3,af3_best_model_0,/Users/tinaganjipour/Documents/UMCU/2. The project/ab-difficulty/rmsd/rcsb_pdb/9ML8.pdb,af3_output_pdb/9ml8/fold_9ml8_model_0.pdb,2.374316,2.343899,1.900328,0.783667,89.204412,94.825837,GVYFYAGHFVIMRYFVL,68,2,892,E->A;F->B,"E->A:ident=1.000,aln=130,refcov=1.00,predcov=1.00;F->B:ident=1.000,aln=110,refcov=1.00,predcov=1.00",
9ML9,AlphaFold3,af3_best_model_0,/Users/tinaganjipour/Documents/UMCU/2. The project/ab-difficulty/rmsd/rcsb_pdb/9ML9.pdb,af3_output_pdb/9ml9/fold_9ml9_model_0.pdb,0.631488,0.632274,0.640337,0.465056,91.867024,96.448806,ALGYYIYGDAGDIYIADYFKL,84,2,868,H->A;L->B,"H->A:ident=1.000,aln=129,refcov=1.00,predcov=1.00;L->B:ident=1.000,aln=109,refcov=1.00,predcov=1.00",
9MPB,AlphaFold3,af3_best_model_0,/Users/tinaganjipour/Documents/UMCU/2. The project/ab-difficulty/rmsd/rcsb_pdb/9MPB.pdb,af3_output_pdb/9mpb/fold_9mpb_model_0.pdb,0.633773,4.069008,13.026114,3.953082,68.838043,93.380692,GGRGGYEDDGYFYFIGGRRSLDV,92,2,872,H->A;L->B,"H->A:ident=1.000,aln=130,refcov=1.00,predcov=1.00;L->B:ident=1.000,aln=111,refcov=1.00,predcov=1.00",
9MQV,AlphaFold3,af3_best_model_0,/Users/tinaganjipour/Documents/UMCU/2. The project/ab-difficulty/rmsd/rcsb_pdb/9MQV.pdb,af3_output_pdb/9mqv/fold_9mqv_model_0.pdb,0.557830,2.069073,6.852546,3.004355,66.053125,93.972723,DLSHYNEVGHDRAYYYGMDI,80,2,860,H->A;L->B,"H->A:ident=1.000,aln=129,refcov=1.00,predcov=1.00;L->B:ident=1.000,aln=106,refcov=1.00,predcov=1.00",
9SG2,AlphaFold3,af3_best_model_0,/Users/tinaganjipour/Documents/UMCU/2. The project/ab-difficulty/rmsd/rcsb_pdb/9SG2.pdb,af3_output_pdb/9sg2/fold_9sg2_model_0.pdb,0.418304,0.422465,0.505775,0.382015,94.299000,97.445597,YDYFTGTGVY,40,2,884,H->A;L->B,"H->A:ident=1.000,aln=119,refcov=1.00,predcov=1.00;L->B:ident=1.000,aln=112,refcov=1.00,predcov=1.00",
